{
	"partitions" : [
		{
			"name" : "Top",
			"pins" : [
				{
					"name" : "addr_seg1[0]",
					"strict" : false
				},
				{
					"name" : "addr_seg1[1]",
					"strict" : false
				},
				{
					"name" : "addr_seg1[2]",
					"strict" : false
				},
				{
					"name" : "addr_seg1[3]",
					"strict" : false
				},
				{
					"name" : "addr_seg1[4]",
					"strict" : false
				},
				{
					"name" : "addr_seg1[5]",
					"strict" : false
				},
				{
					"name" : "addr_seg1[6]",
					"strict" : false
				},
				{
					"name" : "addr_seg2[0]",
					"strict" : false
				},
				{
					"name" : "addr_seg2[3]",
					"strict" : false
				},
				{
					"name" : "addr_seg2[4]",
					"strict" : false
				},
				{
					"name" : "addr_seg2[5]",
					"strict" : false
				},
				{
					"name" : "wdata_seg1[0]",
					"strict" : false
				},
				{
					"name" : "wdata_seg1[1]",
					"strict" : false
				},
				{
					"name" : "wdata_seg1[2]",
					"strict" : false
				},
				{
					"name" : "wdata_seg1[3]",
					"strict" : false
				},
				{
					"name" : "wdata_seg1[4]",
					"strict" : false
				},
				{
					"name" : "wdata_seg1[5]",
					"strict" : false
				},
				{
					"name" : "wdata_seg1[6]",
					"strict" : false
				},
				{
					"name" : "wdata_seg2[0]",
					"strict" : false
				},
				{
					"name" : "wdata_seg2[1]",
					"strict" : false
				},
				{
					"name" : "wdata_seg2[2]",
					"strict" : false
				},
				{
					"name" : "wdata_seg2[3]",
					"strict" : false
				},
				{
					"name" : "wdata_seg2[4]",
					"strict" : false
				},
				{
					"name" : "wdata_seg2[5]",
					"strict" : false
				},
				{
					"name" : "wdata_seg2[6]",
					"strict" : false
				},
				{
					"name" : "rdata_seg1[0]",
					"strict" : false
				},
				{
					"name" : "rdata_seg1[1]",
					"strict" : false
				},
				{
					"name" : "rdata_seg1[2]",
					"strict" : false
				},
				{
					"name" : "rdata_seg1[3]",
					"strict" : false
				},
				{
					"name" : "rdata_seg1[4]",
					"strict" : false
				},
				{
					"name" : "rdata_seg1[5]",
					"strict" : false
				},
				{
					"name" : "rdata_seg1[6]",
					"strict" : false
				},
				{
					"name" : "rdata_seg2[0]",
					"strict" : false
				},
				{
					"name" : "rdata_seg2[1]",
					"strict" : false
				},
				{
					"name" : "rdata_seg2[2]",
					"strict" : false
				},
				{
					"name" : "rdata_seg2[3]",
					"strict" : false
				},
				{
					"name" : "rdata_seg2[4]",
					"strict" : false
				},
				{
					"name" : "rdata_seg2[5]",
					"strict" : false
				},
				{
					"name" : "rdata_seg2[6]",
					"strict" : false
				},
				{
					"name" : "addr[2]",
					"strict" : false
				},
				{
					"name" : "addr[0]",
					"strict" : false
				},
				{
					"name" : "addr[3]",
					"strict" : false
				},
				{
					"name" : "addr[1]",
					"strict" : false
				},
				{
					"name" : "addr[4]",
					"strict" : false
				},
				{
					"name" : "datain[2]",
					"strict" : false
				},
				{
					"name" : "datain[0]",
					"strict" : false
				},
				{
					"name" : "datain[3]",
					"strict" : false
				},
				{
					"name" : "datain[1]",
					"strict" : false
				},
				{
					"name" : "datain[6]",
					"strict" : false
				},
				{
					"name" : "datain[4]",
					"strict" : false
				},
				{
					"name" : "datain[7]",
					"strict" : false
				},
				{
					"name" : "datain[5]",
					"strict" : false
				},
				{
					"name" : "we_en",
					"strict" : false
				},
				{
					"name" : "clk_key",
					"strict" : false
				}
			]
		}
	]
}