To,Direction,Location,I/O Bank,VREF Group,Fitter Location,I/O Standard,Reserved,Current Strength,Slew Rate,Differential Pair,Strict Preservation
clk,Input,PIN_Y2,2,B2_N0,PIN_Y2,2.5 V,,,,,
min_high[6],Output,PIN_AA14,3,B3_N0,PIN_AA14,2.5 V,,,,,
min_high[5],Output,PIN_AG18,4,B4_N2,PIN_AG18,2.5 V,,,,,
min_high[4],Output,PIN_AF17,4,B4_N2,PIN_AF17,2.5 V,,,,,
min_high[3],Output,PIN_AH17,4,B4_N2,PIN_AH17,2.5 V,,,,,
min_high[2],Output,PIN_AG17,4,B4_N2,PIN_AG17,2.5 V,,,,,
min_high[1],Output,PIN_AE17,4,B4_N2,PIN_AE17,2.5 V,,,,,
min_high[0],Output,PIN_AD17,4,B4_N2,PIN_AD17,2.5 V,,,,,
min_low[6],Output,PIN_AC17,4,B4_N2,PIN_AC17,2.5 V,,,,,
min_low[5],Output,PIN_AA15,4,B4_N2,PIN_AA15,2.5 V,,,,,
min_low[4],Output,PIN_AB15,4,B4_N2,PIN_AB15,2.5 V,,,,,
min_low[3],Output,PIN_AB17,4,B4_N1,PIN_AB17,2.5 V,,,,,
min_low[2],Output,PIN_AA16,4,B4_N2,PIN_AA16,2.5 V,,,,,
min_low[1],Output,PIN_AB16,4,B4_N2,PIN_AB16,2.5 V,,,,,
min_low[0],Output,PIN_AA17,4,B4_N1,PIN_AA17,2.5 V,,,,,
sec_high[6],Output,PIN_AH18,4,B4_N2,PIN_AH18,2.5 V,,,,,
sec_high[5],Output,PIN_AF18,4,B4_N1,PIN_AF18,2.5 V,,,,,
sec_high[4],Output,PIN_AG19,4,B4_N2,PIN_AG19,2.5 V,,,,,
sec_high[3],Output,PIN_AH19,4,B4_N2,PIN_AH19,2.5 V,,,,,
sec_high[2],Output,PIN_AB18,4,B4_N0,PIN_AB18,2.5 V,,,,,
sec_high[1],Output,PIN_AC18,4,B4_N1,PIN_AC18,2.5 V,,,,,
sec_high[0],Output,PIN_AD18,4,B4_N1,PIN_AD18,2.5 V,,,,,
sec_low[6],Output,PIN_AE18,4,B4_N2,PIN_AE18,2.5 V,,,,,
sec_low[5],Output,PIN_AF19,4,B4_N1,PIN_AF19,2.5 V,,,,,
sec_low[4],Output,PIN_AE19,4,B4_N1,PIN_AE19,2.5 V,,,,,
sec_low[3],Output,PIN_AH21,4,B4_N2,PIN_AH21,2.5 V,,,,,
sec_low[2],Output,PIN_AG21,4,B4_N2,PIN_AG21,2.5 V,,,,,
sec_low[1],Output,PIN_AA19,4,B4_N0,PIN_AA19,2.5 V,,,,,
sec_low[0],Output,PIN_AB19,4,B4_N0,PIN_AB19,2.5 V,,,,,
tim_min_high[6],Output,PIN_Y19,4,B4_N0,PIN_Y19,2.5 V,,,,,
tim_min_high[5],Output,PIN_AF23,4,B4_N0,PIN_AF23,2.5 V,,,,,
tim_min_high[4],Output,PIN_AD24,4,B4_N0,PIN_AD24,2.5 V,,,,,
tim_min_high[3],Output,PIN_AA21,4,B4_N0,PIN_AA21,2.5 V,,,,,
tim_min_high[2],Output,PIN_AB20,4,B4_N0,PIN_AB20,2.5 V,,,,,
tim_min_high[1],Output,PIN_U21,5,B5_N0,PIN_U21,2.5 V,,,,,
tim_min_high[0],Output,PIN_V21,5,B5_N1,PIN_V21,2.5 V,,,,,
tim_min_low[6],Output,PIN_W28,5,B5_N1,PIN_W28,2.5 V,,,,,
tim_min_low[5],Output,PIN_W27,5,B5_N1,PIN_W27,2.5 V,,,,,
tim_min_low[4],Output,PIN_Y26,5,B5_N1,PIN_Y26,2.5 V,,,,,
tim_min_low[3],Output,PIN_W26,5,B5_N1,PIN_W26,2.5 V,,,,,
tim_min_low[2],Output,PIN_Y25,5,B5_N1,PIN_Y25,2.5 V,,,,,
tim_min_low[1],Output,PIN_AA26,5,B5_N1,PIN_AA26,2.5 V,,,,,
tim_min_low[0],Output,PIN_AA25,5,B5_N1,PIN_AA25,2.5 V,,,,,
tim_sec_high[6],Output,PIN_U24,5,B5_N0,PIN_U24,2.5 V,,,,,
tim_sec_high[5],Output,PIN_U23,5,B5_N1,PIN_U23,2.5 V,,,,,
tim_sec_high[4],Output,PIN_W25,5,B5_N1,PIN_W25,2.5 V,,,,,
tim_sec_high[3],Output,PIN_W22,5,B5_N0,PIN_W22,2.5 V,,,,,
tim_sec_high[2],Output,PIN_W21,5,B5_N1,PIN_W21,2.5 V,,,,,
tim_sec_high[1],Output,PIN_Y22,5,B5_N0,PIN_Y22,2.5 V,,,,,
tim_sec_high[0],Output,PIN_M24,6,B6_N2,PIN_M24,2.5 V,,,,,
tim_sec_low[6],Output,PIN_H22,6,B6_N0,PIN_H22,2.5 V,,,,,
tim_sec_low[5],Output,PIN_J22,6,B6_N0,PIN_J22,2.5 V,,,,,
tim_sec_low[4],Output,PIN_L25,6,B6_N1,PIN_L25,2.5 V,,,,,
tim_sec_low[3],Output,PIN_L26,6,B6_N1,PIN_L26,2.5 V,,,,,
tim_sec_low[2],Output,PIN_E17,7,B7_N2,PIN_E17,2.5 V,,,,,
tim_sec_low[1],Output,PIN_F22,7,B7_N0,PIN_F22,2.5 V,,,,,
tim_sec_low[0],Output,PIN_G18,7,B7_N2,PIN_G18,2.5 V,,,,,
