{
	"partitions" : [
		{
			"name" : "Top",
			"pins" : [
				{
					"name" : "segdisp0[0]",
					"strict" : false
				},
				{
					"name" : "segdisp0[1]",
					"strict" : false
				},
				{
					"name" : "segdisp0[2]",
					"strict" : false
				},
				{
					"name" : "segdisp0[3]",
					"strict" : false
				},
				{
					"name" : "segdisp0[4]",
					"strict" : false
				},
				{
					"name" : "segdisp0[5]",
					"strict" : false
				},
				{
					"name" : "segdisp0[6]",
					"strict" : false
				},
				{
					"name" : "segdisp1[3]",
					"strict" : false
				},
				{
					"name" : "segdisp1[4]",
					"strict" : false
				},
				{
					"name" : "segdisp1[5]",
					"strict" : false
				},
				{
					"name" : "segdisp1[6]",
					"strict" : false
				},
				{
					"name" : "segdisp2[0]",
					"strict" : false
				},
				{
					"name" : "segdisp2[3]",
					"strict" : false
				},
				{
					"name" : "segdisp2[4]",
					"strict" : false
				},
				{
					"name" : "segdisp2[5]",
					"strict" : false
				},
				{
					"name" : "segdisp3[1]",
					"strict" : false
				},
				{
					"name" : "segdisp3[2]",
					"strict" : false
				},
				{
					"name" : "segdisp3[4]",
					"strict" : false
				},
				{
					"name" : "segdisp3[5]",
					"strict" : false
				},
				{
					"name" : "sw[0]",
					"strict" : false
				},
				{
					"name" : "sw[1]",
					"strict" : false
				},
				{
					"name" : "sw[2]",
					"strict" : false
				}
			]
		}
	]
}