{
	"partitions" : [
		{
			"name" : "Top",
			"pins" : [
				{
					"name" : "hsync",
					"strict" : false
				},
				{
					"name" : "vsync",
					"strict" : false
				},
				{
					"name" : "vga_rgb[0]",
					"strict" : false
				},
				{
					"name" : "vga_rgb[1]",
					"strict" : false
				},
				{
					"name" : "vga_rgb[2]",
					"strict" : false
				},
				{
					"name" : "vga_rgb[3]",
					"strict" : false
				},
				{
					"name" : "vga_rgb[4]",
					"strict" : false
				},
				{
					"name" : "vga_rgb[5]",
					"strict" : false
				},
				{
					"name" : "vga_rgb[6]",
					"strict" : false
				},
				{
					"name" : "vga_rgb[7]",
					"strict" : false
				},
				{
					"name" : "vga_rgb[8]",
					"strict" : false
				},
				{
					"name" : "vga_rgb[9]",
					"strict" : false
				},
				{
					"name" : "vga_rgb[10]",
					"strict" : false
				},
				{
					"name" : "vga_rgb[11]",
					"strict" : false
				},
				{
					"name" : "vga_rgb[12]",
					"strict" : false
				},
				{
					"name" : "vga_rgb[13]",
					"strict" : false
				},
				{
					"name" : "vga_rgb[14]",
					"strict" : false
				},
				{
					"name" : "vga_rgb[15]",
					"strict" : false
				},
				{
					"name" : "vga_rgb[16]",
					"strict" : false
				},
				{
					"name" : "vga_rgb[17]",
					"strict" : false
				},
				{
					"name" : "vga_rgb[18]",
					"strict" : false
				},
				{
					"name" : "vga_rgb[19]",
					"strict" : false
				},
				{
					"name" : "vga_rgb[20]",
					"strict" : false
				},
				{
					"name" : "vga_rgb[21]",
					"strict" : false
				},
				{
					"name" : "vga_rgb[22]",
					"strict" : false
				},
				{
					"name" : "vga_rgb[23]",
					"strict" : false
				},
				{
					"name" : "reset",
					"strict" : false
				},
				{
					"name" : "key1",
					"strict" : false
				},
				{
					"name" : "key2",
					"strict" : false
				}
			]
		}
	]
}