{
	"partitions" : [
		{
			"name" : "Top",
			"pins" : [
				{
					"name" : "display02[0]",
					"strict" : false
				},
				{
					"name" : "display02[1]",
					"strict" : false
				},
				{
					"name" : "display02[2]",
					"strict" : false
				},
				{
					"name" : "display02[3]",
					"strict" : false
				},
				{
					"name" : "display02[4]",
					"strict" : false
				},
				{
					"name" : "display02[5]",
					"strict" : false
				},
				{
					"name" : "display02[6]",
					"strict" : false
				},
				{
					"name" : "display01[0]",
					"strict" : false
				},
				{
					"name" : "display01[1]",
					"strict" : false
				},
				{
					"name" : "display01[2]",
					"strict" : false
				},
				{
					"name" : "display01[3]",
					"strict" : false
				},
				{
					"name" : "display01[4]",
					"strict" : false
				},
				{
					"name" : "display01[5]",
					"strict" : false
				},
				{
					"name" : "display01[6]",
					"strict" : false
				},
				{
					"name" : "reset",
					"strict" : false
				},
				{
					"name" : "keyboard_data",
					"strict" : false
				},
				{
					"name" : "keyboard_clk",
					"strict" : false
				},
				{
					"name" : "clock_50Mhz",
					"strict" : false
				}
			]
		}
	]
}