{
	"partitions" : [
		{
			"name" : "Top",
			"pins" : [
				{
					"name" : "segcode1out[0]",
					"strict" : false
				},
				{
					"name" : "segcode1out[3]",
					"strict" : false
				},
				{
					"name" : "segcode1out[4]",
					"strict" : false
				},
				{
					"name" : "segcode1out[5]",
					"strict" : false
				},
				{
					"name" : "segcode1out[6]",
					"strict" : false
				},
				{
					"name" : "segcode0out[0]",
					"strict" : false
				},
				{
					"name" : "segcode0out[1]",
					"strict" : false
				},
				{
					"name" : "segcode0out[2]",
					"strict" : false
				},
				{
					"name" : "segcode0out[3]",
					"strict" : false
				},
				{
					"name" : "segcode0out[4]",
					"strict" : false
				},
				{
					"name" : "segcode0out[5]",
					"strict" : false
				},
				{
					"name" : "segcode0out[6]",
					"strict" : false
				},
				{
					"name" : "led",
					"strict" : false
				},
				{
					"name" : "leds_out[0]",
					"strict" : false
				},
				{
					"name" : "leds_out[1]",
					"strict" : false
				},
				{
					"name" : "leds_out[2]",
					"strict" : false
				},
				{
					"name" : "leds_out[3]",
					"strict" : false
				},
				{
					"name" : "leds_out[4]",
					"strict" : false
				},
				{
					"name" : "leds_out[5]",
					"strict" : false
				},
				{
					"name" : "leds_out[6]",
					"strict" : false
				},
				{
					"name" : "leds_out[7]",
					"strict" : false
				},
				{
					"name" : "leds_out[8]",
					"strict" : false
				},
				{
					"name" : "leds_out[9]",
					"strict" : false
				},
				{
					"name" : "leds_out[10]",
					"strict" : false
				},
				{
					"name" : "leds_out[11]",
					"strict" : false
				},
				{
					"name" : "sys_clk",
					"strict" : false
				},
				{
					"name" : "sys_rst_n_in",
					"strict" : false
				},
				{
					"name" : "remote_in",
					"strict" : false
				}
			]
		}
	]
}