{
	"partitions" : [
		{
			"name" : "Top",
			"pins" : [
				{
					"name" : "led1",
					"strict" : false
				},
				{
					"name" : "led2",
					"strict" : false
				},
				{
					"name" : "led3",
					"strict" : false
				},
				{
					"name" : "led4",
					"strict" : false
				},
				{
					"name" : "led5",
					"strict" : false
				},
				{
					"name" : "led6",
					"strict" : false
				},
				{
					"name" : "led7",
					"strict" : false
				},
				{
					"name" : "led8",
					"strict" : false
				},
				{
					"name" : "led9",
					"strict" : false
				},
				{
					"name" : "led10",
					"strict" : false
				},
				{
					"name" : "led11",
					"strict" : false
				},
				{
					"name" : "led12",
					"strict" : false
				},
				{
					"name" : "led13",
					"strict" : false
				},
				{
					"name" : "led14",
					"strict" : false
				},
				{
					"name" : "led_flash",
					"strict" : false
				},
				{
					"name" : "min_high[0]",
					"strict" : false
				},
				{
					"name" : "min_high[1]",
					"strict" : false
				},
				{
					"name" : "min_high[2]",
					"strict" : false
				},
				{
					"name" : "min_high[3]",
					"strict" : false
				},
				{
					"name" : "min_high[4]",
					"strict" : false
				},
				{
					"name" : "min_high[5]",
					"strict" : false
				},
				{
					"name" : "min_high[6]",
					"strict" : false
				},
				{
					"name" : "min_low[0]",
					"strict" : false
				},
				{
					"name" : "min_low[1]",
					"strict" : false
				},
				{
					"name" : "min_low[2]",
					"strict" : false
				},
				{
					"name" : "min_low[3]",
					"strict" : false
				},
				{
					"name" : "min_low[4]",
					"strict" : false
				},
				{
					"name" : "min_low[5]",
					"strict" : false
				},
				{
					"name" : "min_low[6]",
					"strict" : false
				},
				{
					"name" : "sec_high[0]",
					"strict" : false
				},
				{
					"name" : "sec_high[1]",
					"strict" : false
				},
				{
					"name" : "sec_high[2]",
					"strict" : false
				},
				{
					"name" : "sec_high[3]",
					"strict" : false
				},
				{
					"name" : "sec_high[4]",
					"strict" : false
				},
				{
					"name" : "sec_high[5]",
					"strict" : false
				},
				{
					"name" : "sec_high[6]",
					"strict" : false
				},
				{
					"name" : "sec_low[0]",
					"strict" : false
				},
				{
					"name" : "sec_low[1]",
					"strict" : false
				},
				{
					"name" : "sec_low[2]",
					"strict" : false
				},
				{
					"name" : "sec_low[3]",
					"strict" : false
				},
				{
					"name" : "sec_low[4]",
					"strict" : false
				},
				{
					"name" : "sec_low[5]",
					"strict" : false
				},
				{
					"name" : "sec_low[6]",
					"strict" : false
				},
				{
					"name" : "hour_high[0]",
					"strict" : false
				},
				{
					"name" : "hour_high[1]",
					"strict" : false
				},
				{
					"name" : "hour_high[2]",
					"strict" : false
				},
				{
					"name" : "hour_high[3]",
					"strict" : false
				},
				{
					"name" : "hour_high[4]",
					"strict" : false
				},
				{
					"name" : "hour_high[5]",
					"strict" : false
				},
				{
					"name" : "hour_high[6]",
					"strict" : false
				},
				{
					"name" : "hour_low[0]",
					"strict" : false
				},
				{
					"name" : "hour_low[1]",
					"strict" : false
				},
				{
					"name" : "hour_low[2]",
					"strict" : false
				},
				{
					"name" : "hour_low[3]",
					"strict" : false
				},
				{
					"name" : "hour_low[4]",
					"strict" : false
				},
				{
					"name" : "hour_low[5]",
					"strict" : false
				},
				{
					"name" : "hour_low[6]",
					"strict" : false
				},
				{
					"name" : "mode1",
					"strict" : false
				},
				{
					"name" : "clk",
					"strict" : false
				},
				{
					"name" : "en",
					"strict" : false
				},
				{
					"name" : "ct2_btn",
					"strict" : false
				},
				{
					"name" : "ct1_btn",
					"strict" : false
				},
				{
					"name" : "done_btn",
					"strict" : false
				},
				{
					"name" : "inc_btn",
					"strict" : false
				}
			]
		}
	]
}