{
	"partitions" : [
		{
			"name" : "Top",
			"pins" : [
				{
					"name" : "segcode2[0]",
					"strict" : false
				},
				{
					"name" : "segcode2[1]",
					"strict" : false
				},
				{
					"name" : "segcode2[2]",
					"strict" : false
				},
				{
					"name" : "segcode1[0]",
					"strict" : false
				},
				{
					"name" : "segcode1[3]",
					"strict" : false
				},
				{
					"name" : "segcode1[6]",
					"strict" : false
				},
				{
					"name" : "segcode0[0]",
					"strict" : false
				},
				{
					"name" : "segcode0[1]",
					"strict" : false
				},
				{
					"name" : "segcode0[2]",
					"strict" : false
				},
				{
					"name" : "segcode0[3]",
					"strict" : false
				},
				{
					"name" : "segcode0[4]",
					"strict" : false
				},
				{
					"name" : "segcode0[5]",
					"strict" : false
				},
				{
					"name" : "segcode0[6]",
					"strict" : false
				},
				{
					"name" : "cled[0]",
					"strict" : false
				},
				{
					"name" : "cled[1]",
					"strict" : false
				},
				{
					"name" : "cled[2]",
					"strict" : false
				},
				{
					"name" : "cled[3]",
					"strict" : false
				},
				{
					"name" : "cled[4]",
					"strict" : false
				},
				{
					"name" : "cled[5]",
					"strict" : false
				},
				{
					"name" : "cled[6]",
					"strict" : false
				},
				{
					"name" : "cled[7]",
					"strict" : false
				},
				{
					"name" : "cled[8]",
					"strict" : false
				},
				{
					"name" : "cled[9]",
					"strict" : false
				},
				{
					"name" : "cled[10]",
					"strict" : false
				},
				{
					"name" : "sw1",
					"strict" : false
				},
				{
					"name" : "clk2",
					"strict" : false
				},
				{
					"name" : "an1",
					"strict" : false
				},
				{
					"name" : "clk1",
					"strict" : false
				}
			]
		}
	]
}