{
	"partitions" : [
		{
			"name" : "Top",
			"pins" : [
				{
					"name" : "segdisp0[0]",
					"strict" : false
				},
				{
					"name" : "segdisp0[1]",
					"strict" : false
				},
				{
					"name" : "segdisp0[2]",
					"strict" : false
				},
				{
					"name" : "segdisp0[3]",
					"strict" : false
				},
				{
					"name" : "segdisp0[4]",
					"strict" : false
				},
				{
					"name" : "segdisp0[5]",
					"strict" : false
				},
				{
					"name" : "segdisp0[6]",
					"strict" : false
				},
				{
					"name" : "segdisp1[0]",
					"strict" : false
				},
				{
					"name" : "segdisp1[1]",
					"strict" : false
				},
				{
					"name" : "segdisp1[2]",
					"strict" : false
				},
				{
					"name" : "segdisp1[3]",
					"strict" : false
				},
				{
					"name" : "segdisp1[4]",
					"strict" : false
				},
				{
					"name" : "segdisp1[5]",
					"strict" : false
				},
				{
					"name" : "segdisp1[6]",
					"strict" : false
				},
				{
					"name" : "segdisp2[0]",
					"strict" : false
				},
				{
					"name" : "segdisp2[1]",
					"strict" : false
				},
				{
					"name" : "segdisp2[2]",
					"strict" : false
				},
				{
					"name" : "segdisp2[3]",
					"strict" : false
				},
				{
					"name" : "segdisp2[4]",
					"strict" : false
				},
				{
					"name" : "segdisp2[5]",
					"strict" : false
				},
				{
					"name" : "segdisp2[6]",
					"strict" : false
				},
				{
					"name" : "segdisp3[0]",
					"strict" : false
				},
				{
					"name" : "segdisp3[1]",
					"strict" : false
				},
				{
					"name" : "segdisp3[2]",
					"strict" : false
				},
				{
					"name" : "segdisp3[3]",
					"strict" : false
				},
				{
					"name" : "segdisp3[4]",
					"strict" : false
				},
				{
					"name" : "segdisp3[5]",
					"strict" : false
				},
				{
					"name" : "segdisp3[6]",
					"strict" : false
				},
				{
					"name" : "segdisp4[0]",
					"strict" : false
				},
				{
					"name" : "segdisp4[1]",
					"strict" : false
				},
				{
					"name" : "segdisp4[2]",
					"strict" : false
				},
				{
					"name" : "segdisp4[3]",
					"strict" : false
				},
				{
					"name" : "segdisp4[4]",
					"strict" : false
				},
				{
					"name" : "segdisp4[5]",
					"strict" : false
				},
				{
					"name" : "segdisp4[6]",
					"strict" : false
				},
				{
					"name" : "segdisp5[0]",
					"strict" : false
				},
				{
					"name" : "segdisp5[1]",
					"strict" : false
				},
				{
					"name" : "segdisp5[2]",
					"strict" : false
				},
				{
					"name" : "segdisp5[3]",
					"strict" : false
				},
				{
					"name" : "segdisp5[4]",
					"strict" : false
				},
				{
					"name" : "segdisp5[5]",
					"strict" : false
				},
				{
					"name" : "segdisp5[6]",
					"strict" : false
				},
				{
					"name" : "segdisp6[0]",
					"strict" : false
				},
				{
					"name" : "segdisp6[1]",
					"strict" : false
				},
				{
					"name" : "segdisp6[2]",
					"strict" : false
				},
				{
					"name" : "segdisp6[3]",
					"strict" : false
				},
				{
					"name" : "segdisp6[4]",
					"strict" : false
				},
				{
					"name" : "segdisp6[5]",
					"strict" : false
				},
				{
					"name" : "segdisp6[6]",
					"strict" : false
				},
				{
					"name" : "segdisp7[0]",
					"strict" : false
				},
				{
					"name" : "segdisp7[1]",
					"strict" : false
				},
				{
					"name" : "segdisp7[2]",
					"strict" : false
				},
				{
					"name" : "segdisp7[3]",
					"strict" : false
				},
				{
					"name" : "segdisp7[4]",
					"strict" : false
				},
				{
					"name" : "segdisp7[5]",
					"strict" : false
				},
				{
					"name" : "segdisp7[6]",
					"strict" : false
				},
				{
					"name" : "clk",
					"strict" : false
				}
			]
		}
	]
}